-- phpMyAdmin SQL Dump
-- version 5.0.2
-- https://www.phpmyadmin.net/
--
-- Host: 127.0.0.1
-- Generation Time: May 14, 2020 at 09:22 AM
-- Server version: 10.4.11-MariaDB
-- PHP Version: 7.4.5

SET SQL_MODE = "NO_AUTO_VALUE_ON_ZERO";
START TRANSACTION;
SET time_zone = "+00:00";


/*!40101 SET @OLD_CHARACTER_SET_CLIENT=@@CHARACTER_SET_CLIENT */;
/*!40101 SET @OLD_CHARACTER_SET_RESULTS=@@CHARACTER_SET_RESULTS */;
/*!40101 SET @OLD_COLLATION_CONNECTION=@@COLLATION_CONNECTION */;
/*!40101 SET NAMES utf8mb4 */;

--
-- Database: `fashionshop`
--

-- --------------------------------------------------------

--
-- Table structure for table `colors`
--

CREATE TABLE `colors` (
  `id` bigint(20) UNSIGNED NOT NULL,
  `name` varchar(255) COLLATE utf8mb4_unicode_ci NOT NULL,
  `created_at` timestamp NULL DEFAULT NULL,
  `updated_at` timestamp NULL DEFAULT NULL
) ENGINE=InnoDB DEFAULT CHARSET=utf8mb4 COLLATE=utf8mb4_unicode_ci;

--
-- Dumping data for table `colors`
--

INSERT INTO `colors` (`id`, `name`, `created_at`, `updated_at`) VALUES
(1, 'Red', '2020-04-28 23:16:07', '2020-05-08 01:08:44'),
(2, 'green', '2020-04-28 23:16:11', '2020-04-28 23:16:11'),
(4, 'blue', '2020-04-28 23:16:27', '2020-04-28 23:16:27'),
(5, 'Yellow', '2020-04-28 23:16:32', '2020-04-29 08:23:07'),
(7, 'Black', '2020-04-29 07:09:16', '2020-04-29 07:09:16'),
(8, 'White', '2020-04-29 07:11:19', '2020-04-29 07:11:19'),
(9, 'Yellow & Grey', '2020-05-07 08:36:43', '2020-05-07 08:37:03'),
(10, 'Black & White', '2020-05-07 08:36:54', '2020-05-07 08:36:54'),
(11, 'Grey', '2020-05-08 01:08:31', '2020-05-08 01:08:31'),
(12, 'Orange&Black', '2020-05-08 06:22:43', '2020-05-08 06:22:43'),
(13, 'Red&Black', '2020-05-08 07:16:04', '2020-05-08 07:16:04');

-- --------------------------------------------------------

--
-- Table structure for table `customers`
--

CREATE TABLE `customers` (
  `id` bigint(20) UNSIGNED NOT NULL,
  `name` varchar(255) COLLATE utf8mb4_unicode_ci NOT NULL,
  `phone` varchar(255) COLLATE utf8mb4_unicode_ci NOT NULL,
  `address` varchar(255) COLLATE utf8mb4_unicode_ci NOT NULL,
  `township_id` bigint(20) UNSIGNED NOT NULL,
  `created_at` timestamp NULL DEFAULT NULL,
  `updated_at` timestamp NULL DEFAULT NULL
) ENGINE=InnoDB DEFAULT CHARSET=utf8mb4 COLLATE=utf8mb4_unicode_ci;

--
-- Dumping data for table `customers`
--

INSERT INTO `customers` (`id`, `name`, `phone`, `address`, `township_id`, `created_at`, `updated_at`) VALUES
(26, 'Sarah', '876898', 'no.17', 32, '2020-05-11 20:01:24', '2020-05-11 20:01:24'),
(27, 'Kimmy', '098887652728', '17 Insein  Street', 24, '2020-05-12 05:13:21', '2020-05-12 05:13:21');

-- --------------------------------------------------------

--
-- Table structure for table `main_categories`
--

CREATE TABLE `main_categories` (
  `id` bigint(20) UNSIGNED NOT NULL,
  `name` varchar(255) COLLATE utf8mb4_unicode_ci NOT NULL,
  `photo` text COLLATE utf8mb4_unicode_ci NOT NULL,
  `created_at` timestamp NULL DEFAULT NULL,
  `updated_at` timestamp NULL DEFAULT NULL
) ENGINE=InnoDB DEFAULT CHARSET=utf8mb4 COLLATE=utf8mb4_unicode_ci;

--
-- Dumping data for table `main_categories`
--

INSERT INTO `main_categories` (`id`, `name`, `photo`, `created_at`, `updated_at`) VALUES
(5, 'Men\'s', '5ea9342fc8ed6a2.jpg', '2020-04-29 08:00:47', '2020-04-29 08:00:47'),
(6, 'Women\'s', '5ea93467acb8bSpring-Autumn-Winter-Young-Ladies-Casual-Wool-Dress-Women-s-One-Piece-Dresse-Dating-Clothes-Medium.jpg_640x640.jpg', '2020-04-29 08:01:43', '2020-04-29 08:01:43'),
(7, 'Accessories', '5ea936d78917faccessories_icons_set_6813174.jpg', '2020-04-29 08:12:07', '2020-04-29 08:12:07');

-- --------------------------------------------------------

--
-- Table structure for table `migrations`
--

CREATE TABLE `migrations` (
  `id` int(10) UNSIGNED NOT NULL,
  `migration` varchar(255) COLLATE utf8mb4_unicode_ci NOT NULL,
  `batch` int(11) NOT NULL
) ENGINE=InnoDB DEFAULT CHARSET=utf8mb4 COLLATE=utf8mb4_unicode_ci;

--
-- Dumping data for table `migrations`
--

INSERT INTO `migrations` (`id`, `migration`, `batch`) VALUES
(1, '2014_10_12_100000_create_password_resets_table', 1),
(2, '2016_06_01_000001_create_oauth_auth_codes_table', 1),
(3, '2016_06_01_000002_create_oauth_access_tokens_table', 1),
(4, '2016_06_01_000003_create_oauth_refresh_tokens_table', 1),
(5, '2016_06_01_000004_create_oauth_clients_table', 1),
(6, '2016_06_01_000005_create_oauth_personal_access_clients_table', 1),
(7, '2020_04_08_033100_create_townships_table', 1),
(8, '2020_04_08_034618_create_customers_table', 1),
(9, '2020_04_08_035618_create_users_table', 1),
(10, '2020_04_08_044424_create_maincategories_table', 1),
(11, '2020_04_11_110826_create_sub_categories_table', 1),
(13, '2020_04_12_100817_create_productphotos_table', 1),
(14, '2020_04_15_045250_create_orders_table', 1),
(15, '2020_04_15_064506_create_order_products_table', 1),
(16, '2020_04_12_100656_create_colors_table', 2),
(17, '2020_04_12_100700_create_sizes_table', 2),
(18, '2020_04_12_100704_create_products_table', 3),
(19, '2020_05_06_025034_create_suppliers_table', 4),
(20, '2020_05_08_043604_create_payments_table', 5);

-- --------------------------------------------------------

--
-- Table structure for table `oauth_access_tokens`
--

CREATE TABLE `oauth_access_tokens` (
  `id` varchar(100) COLLATE utf8mb4_unicode_ci NOT NULL,
  `user_id` bigint(20) DEFAULT NULL,
  `client_id` int(10) UNSIGNED NOT NULL,
  `name` varchar(255) COLLATE utf8mb4_unicode_ci DEFAULT NULL,
  `scopes` text COLLATE utf8mb4_unicode_ci DEFAULT NULL,
  `revoked` tinyint(1) NOT NULL,
  `created_at` timestamp NULL DEFAULT NULL,
  `updated_at` timestamp NULL DEFAULT NULL,
  `expires_at` datetime DEFAULT NULL
) ENGINE=InnoDB DEFAULT CHARSET=utf8mb4 COLLATE=utf8mb4_unicode_ci;

--
-- Dumping data for table `oauth_access_tokens`
--

INSERT INTO `oauth_access_tokens` (`id`, `user_id`, `client_id`, `name`, `scopes`, `revoked`, `created_at`, `updated_at`, `expires_at`) VALUES
('0038f2d78eb83bc8e7755fbb80119e095f434855e1470cca4e0fbff39742c6bcb668a424d32f64a5', 2, 1, 'Shop', '[]', 0, '2020-05-08 01:07:33', '2020-05-08 01:07:33', '2021-05-08 07:37:33'),
('0161e277be3a0a2a9a7ecfb98d3a6c490505d1428361fd4613f218095d92b541f908b227e8da856a', 2, 1, 'Shop', '[]', 0, '2020-05-07 05:49:41', '2020-05-07 05:49:41', '2021-05-07 12:19:41'),
('02f0f09408aa8dd268714ab08091d225fccd2fb473693d7fdbd31ed89ef37b5e5b70c7f0d6664a53', 2, 1, 'Shop', '[]', 0, '2020-04-28 00:23:34', '2020-04-28 00:23:34', '2021-04-28 06:53:34'),
('03b466a5dd0a7ea8e8003106856cce4fbe48ffce4d123983ffaf9c9746945819fad85806260b9cad', 2, 1, 'Shop', '[]', 0, '2020-05-07 05:50:40', '2020-05-07 05:50:40', '2021-05-07 12:20:40'),
('0510591241176c4f03aac85cf9a71350ce33757c3bbb5cc5a9c23919678dcc61637bd13cb120dd0f', 17, 1, 'Shop', '[]', 0, '2020-05-07 06:18:32', '2020-05-07 06:18:32', '2021-05-07 12:48:32'),
('069d9f48e9a311008a02f7dfe512b04c32377e2ba67b998ccdef74eab6853d97345391f61ba34fa1', 2, 1, 'Shop', '[]', 0, '2020-05-11 19:55:33', '2020-05-11 19:55:33', '2021-05-12 02:25:33'),
('099735c6cfc6de5980b0d4cb6c4d743e8c66c443c346b843f51fc5535fd8f03209a499e970e04022', 2, 1, 'Shop', '[]', 0, '2020-05-01 03:11:49', '2020-05-01 03:11:49', '2021-05-01 09:41:49'),
('09c94d6fb59c0a7f152001da22ad9f011948d4e462ba4616021518354baa3770694f446f36bb07ba', 2, 1, 'Shop', '[]', 0, '2020-05-14 00:48:48', '2020-05-14 00:48:48', '2021-05-14 07:18:48'),
('0a40f446cd8f2ac8f7c32f49d59cc03f5c94748b1a91c93bc990dbf7b36bd9786095790474d1bef8', 2, 1, 'Shop', '[]', 0, '2020-05-08 06:11:21', '2020-05-08 06:11:21', '2021-05-08 12:41:21'),
('0a998128691c2094e0ef32401a9a9f0b6a2553d2d95302c764345eb171a373a8bd3479295bbdbe9a', 12, 1, 'Shop', '[]', 0, '2020-05-05 20:42:30', '2020-05-05 20:42:30', '2021-05-06 03:12:30'),
('0b21decc825a9a4f1180ab3a3ffc696217c84f5e1ecaa662e0263fc3dd0d5e75e32e73b675695531', 2, 1, 'Shop', '[]', 0, '2020-04-29 07:52:28', '2020-04-29 07:52:28', '2021-04-29 07:52:28'),
('0bed6043890daaf567df13a3e06ecbd90a3fba16d43d8159522e8b303864a63a371265caae0dea49', 12, 1, 'Shop', '[]', 0, '2020-05-06 21:54:24', '2020-05-06 21:54:24', '2021-05-07 04:24:24'),
('0c33a534b6f88595f4759b48cfddea3af64299355b52056b61d7c32fbe8ed1c53f74f0c90c25714c', 2, 1, 'Shop', '[]', 0, '2020-04-19 05:03:42', '2020-04-19 05:03:42', '2021-04-19 05:03:42'),
('0e510f64a869bb95f20e329bc1e4ee838774a3402d6427009a79cd3aa174405c0823275a8e0995b3', 27, 1, 'Shop', '[]', 0, '2020-05-11 09:55:44', '2020-05-11 09:55:44', '2021-05-11 16:25:44'),
('0feb6c5a6813b75f761a1783b4745b7e3c334b43de7031569ec08706d064dba9972e28db1d24b8ef', 29, 1, 'Shop', '[]', 0, '2020-05-12 07:51:35', '2020-05-12 07:51:35', '2021-05-12 14:21:35'),
('137d2d4bda89abc8d942f01828f6f36e7b3372e8c256f285c9713e20dd0a5339927f572d35e69196', 2, 1, 'Shop', '[]', 0, '2020-04-18 12:11:27', '2020-04-18 12:11:27', '2021-04-18 12:11:27'),
('1399aab09a25f965dfe016f82b5fb16c9228c95567ca0ec9a9b276ff512e1383ff272b2181806637', 29, 1, 'Shop', '[]', 0, '2020-05-13 08:23:39', '2020-05-13 08:23:39', '2021-05-13 14:53:39'),
('147a59c7267bd89ba6a980e9a151e0514ef127f6192dd1dc0a48154bb7e892252416184e3391de4e', 2, 1, 'Shop', '[]', 0, '2020-04-18 12:35:07', '2020-04-18 12:35:07', '2021-04-18 12:35:07'),
('15606cdce5fb7bd00246609c41ef94ee5756d22128092087bbe6757fb4a37ae03e9d98fd5d5778e4', 2, 1, 'Shop', '[]', 0, '2020-04-22 06:07:57', '2020-04-22 06:07:57', '2021-04-22 06:07:57'),
('17f61fa5693a11118ec207bbaf55c7cfa4052d6f3a2164c3938d321b7e0f740b79faa080bd2487e7', 2, 1, 'Shop', '[]', 0, '2020-05-12 00:11:03', '2020-05-12 00:11:03', '2021-05-12 06:41:03'),
('18a8990883e2d0fd969791c25600c6c75f5656597d5c8f7633f7c2868ebb7b17ce6f43ee10873e64', 12, 1, 'Shop', '[]', 0, '2020-05-05 20:46:46', '2020-05-05 20:46:46', '2021-05-06 03:16:46'),
('1f05aff3b2f910058d99bcd9d0a542146dc925e081c436861bae03da593686a9ecdb96f82c62f649', 2, 1, 'Shop', '[]', 0, '2020-04-20 14:30:26', '2020-04-20 14:30:26', '2021-04-20 14:30:26'),
('1f9527e7a17bab095f60ae0d22101e2d503a76d0fd36a05ec98df230135936367b58f8c5493aeac9', 17, 1, 'Shop', '[]', 0, '2020-05-07 06:02:27', '2020-05-07 06:02:27', '2021-05-07 12:32:27'),
('1f96f117556f50009fc9d9ae8fdfc590d043c9df02a4d986dfa314841c24c7d127235e113c1f1475', 17, 1, 'Shop', '[]', 0, '2020-05-07 05:59:23', '2020-05-07 05:59:23', '2021-05-07 12:29:23'),
('205af247072f765e7b9e2216d90f8af1b4e65724c327beff7600c53ee71cdef2c6e69f30007d7253', 12, 1, 'Shop', '[]', 0, '2020-05-05 20:59:06', '2020-05-05 20:59:06', '2021-05-06 03:29:06'),
('20a15c6602f45d2e7f7f7821c715d50aa444f6bc231413d76cef722aee23e01778fa365c5e07ceeb', 2, 1, 'Shop', '[]', 0, '2020-05-08 08:38:09', '2020-05-08 08:38:09', '2021-05-08 15:08:09'),
('229bc8b674ad890bf6a555e92bbee065814a7b3efe9fd66f0e682ac3e51b87942d64c47ff0adae71', 11, 1, 'Shop', '[]', 0, '2020-04-23 01:50:56', '2020-04-23 01:50:56', '2021-04-23 01:50:56'),
('23a5f05b4910c72ac4d4d52b385bab5869ace63158070b5d3bc937d132ea80fa3600e9d7bce68e70', 2, 1, 'Shop', '[]', 0, '2020-05-12 12:23:48', '2020-05-12 12:23:48', '2021-05-12 18:53:48'),
('25b74d85ebc622ab503e5d7dd6587f0c85dc90f46a9dfe615a52654b10f7f49ce4a9f40fec69d98b', 2, 1, 'Shop', '[]', 0, '2020-05-07 11:14:41', '2020-05-07 11:14:41', '2021-05-07 17:44:41'),
('2635ad01d30c93be90c93135032c11c733069ad1fa622ad103916203a45629d8fe27595406de299c', 2, 1, 'Shop', '[]', 0, '2020-05-08 01:51:19', '2020-05-08 01:51:19', '2021-05-08 08:21:19'),
('26999da0e2d3536eb43b10a2769cfc402e1fd670cb98cc5ec3c7625e2ea088b5a12d79d8710f2d2a', 17, 1, 'Shop', '[]', 0, '2020-05-08 02:54:33', '2020-05-08 02:54:33', '2021-05-08 09:24:33'),
('2ad76ea507ac5d896a2fc406462050aae5cf71201d7bbdc89885d41efe6d32dc5475f8946f231344', 2, 1, 'Shop', '[]', 0, '2020-04-27 09:49:42', '2020-04-27 09:49:42', '2021-04-27 16:19:42'),
('2c68265817a9093188a8a6e4883634172558c1362d7b0fbdbd57002a96259f4aacb84797a22a9535', 16, 1, 'Shop', '[]', 0, '2020-05-06 03:21:36', '2020-05-06 03:21:36', '2021-05-06 09:51:36'),
('3130b859b9c38e9cfea326d22eb4dd601e10d770b740983c977c4f5c1bcddb560cabb3b50c83fc29', 2, 1, 'Shop', '[]', 0, '2020-05-12 12:56:07', '2020-05-12 12:56:07', '2021-05-12 19:26:07'),
('32e51b57add340625a1dce7742d832680b9bf15842a5f8da4f715249c192b7e91121cb4dd85a4c18', 17, 1, 'Shop', '[]', 0, '2020-05-07 06:01:28', '2020-05-07 06:01:28', '2021-05-07 12:31:28'),
('341cef9656b07aa23c5034bcef7a65e1e0f6b427b3791bb56e4fb869587b9c2f36372706f96295a8', 2, 1, 'Shop', '[]', 0, '2020-05-05 20:29:43', '2020-05-05 20:29:43', '2021-05-06 02:59:43'),
('34b40fa8e7a1a231123f90d39b251d6dc98669529fee9def6c66cc39a312fe8bda796b5135130c52', 2, 1, 'Shop', '[]', 0, '2020-04-29 07:02:56', '2020-04-29 07:02:56', '2021-04-29 07:02:56'),
('395f2e1ba09df6cb7fb2319db175e63f28f9b37048c76402b44cecd2497961bec546c8c19c903817', 17, 1, 'Shop', '[]', 0, '2020-05-09 00:27:36', '2020-05-09 00:27:36', '2021-05-09 06:57:36'),
('39d25c1436af3fc6ec17893db45b88c7c2a0b1f597b523740fdbb9c6b134e6ea09c7825d0b77cb61', 2, 1, 'Shop', '[]', 0, '2020-04-29 06:57:41', '2020-04-29 06:57:41', '2021-04-29 06:57:41'),
('39f94840400fcae00593496683b7dfd7e2c27ba4eabd34f33b8af94da46980dfb8f31f65cfcb5179', 2, 1, 'Shop', '[]', 0, '2020-05-03 01:44:59', '2020-05-03 01:44:59', '2021-05-03 08:14:59'),
('3bf091fd395c963ae495f1f1d4875ce7b8610c9138bcc87e8e6db0f54f6f9a290eec8db5f9533208', 2, 1, 'Shop', '[]', 0, '2020-05-11 10:51:43', '2020-05-11 10:51:43', '2021-05-11 17:21:43'),
('3cecf52e06a5762c0a4b921bab388eb45ed111aae25464472434c72a7d1290505cc4a8d1dea72050', 12, 1, 'Shop', '[]', 0, '2020-05-05 20:28:43', '2020-05-05 20:28:43', '2021-05-06 02:58:43'),
('3d1590d9ff9150dd33cd7c07c6dd08eb92348e4f6805b44fbdc6fc0a351e82650117bb2cabcc4ff9', 8, 1, 'Shop', '[]', 0, '2020-04-24 04:08:56', '2020-04-24 04:08:56', '2021-04-24 04:08:56'),
('3e6124e5852cd6e4bd479e009cbbbe78c0ab37d92f5a3c9b979f6623e178fdccaee9fdd6e6a129e1', 12, 1, 'Shop', '[]', 0, '2020-05-05 20:39:04', '2020-05-05 20:39:04', '2021-05-06 03:09:04'),
('3f804d8b672aae1d7efc4b7624a25ca72874ad34930013abe34043e41766cc190f79a0fc6ac9f418', 2, 1, 'Shop', '[]', 0, '2020-05-07 05:49:58', '2020-05-07 05:49:58', '2021-05-07 12:19:58'),
('413c3604db6067a1bea925bc1044c183d02e70208ef008818214d65e1590fe1be12903d26185ea4f', 2, 1, 'Shop', '[]', 0, '2020-04-20 15:19:42', '2020-04-20 15:19:42', '2021-04-20 15:19:42'),
('41cfefb1e001df1f0158b48a818a932993e3b77d0aee7e31b5179f75087ca8ca8d39d7683d6f2987', 11, 1, 'Shop', '[]', 0, '2020-04-23 03:20:30', '2020-04-23 03:20:30', '2021-04-23 03:20:30'),
('41de92605b08b1ba8a9803df95caaf61101f7b8b22f8d7f61c5c17e9de19ca07d4e59e7c5909fcb6', 2, 1, 'Shop', '[]', 0, '2020-05-12 23:35:52', '2020-05-12 23:35:52', '2021-05-13 06:05:52'),
('43c112544293db3d4eeb2ed8fdc6ecfc87869cc83901ffcc641acf97b63137807250b2ff9558bbd1', 29, 1, 'Shop', '[]', 0, '2020-05-12 11:46:23', '2020-05-12 11:46:23', '2021-05-12 18:16:23'),
('43fdb781218213bc019a0146efc5c6ca29b0ddfe05018387b906d0e44ed06e79194deb2788f5dbd8', 17, 1, 'Shop', '[]', 0, '2020-05-07 06:31:58', '2020-05-07 06:31:58', '2021-05-07 13:01:58'),
('44809450167c53aa5368d079fddba91b349112b92917d4d07a6ced15566e4d29098b939fe0984a81', 2, 1, 'Shop', '[]', 0, '2020-05-12 23:35:45', '2020-05-12 23:35:45', '2021-05-13 06:05:45'),
('44c23b1fb78111aaaf6fb03747ec57bb9b0adc3120dde4a8fbf4a5f2040971c89005575828694aeb', 12, 1, 'Shop', '[]', 0, '2020-05-05 20:43:32', '2020-05-05 20:43:32', '2021-05-06 03:13:32'),
('465376b99942f8e2140068988c9b6a4b7912a275d312e83543db2ea4b3a7d7859cc8140d8ab98453', 17, 1, 'Shop', '[]', 0, '2020-05-11 02:21:17', '2020-05-11 02:21:17', '2021-05-11 08:51:17'),
('470ad28e0137957d145ece87944b77298829f383b52e5b496f37066bf6915f7f2e7c5972d8b46d1d', 2, 1, 'Shop', '[]', 0, '2020-05-11 20:02:39', '2020-05-11 20:02:39', '2021-05-12 02:32:39'),
('4aab5116ad172ea95a8f97959cdedaac46d08887423659c40c825f87b0c591752668256abbe91c6d', 2, 1, 'Shop', '[]', 0, '2020-05-05 22:40:30', '2020-05-05 22:40:30', '2021-05-06 05:10:30'),
('4b9341b3d3e4dd173c25740d6d64529ff01510417b5f59e60df1db70abb7bdb41fd8df76b16ee566', 12, 1, 'Shop', '[]', 0, '2020-05-05 20:47:14', '2020-05-05 20:47:14', '2021-05-06 03:17:14'),
('4d0983cef2f88bb7b72ca139ade1cdb2e03261ea90707bf3f8546db924c50fa5d101316870676334', 2, 1, 'Shop', '[]', 0, '2020-05-12 23:36:14', '2020-05-12 23:36:14', '2021-05-13 06:06:14'),
('4e14c979b5c65c752aa89e5495162f569ff68e826f3539f78fa5c05c41c2608724ef0b4e18b0441c', 2, 1, 'Shop', '[]', 0, '2020-05-11 09:16:44', '2020-05-11 09:16:44', '2021-05-11 15:46:44'),
('4f47d70708766b15c2d3e7352d7c7088a5fbe95a69674e00618a8c45764a3043e400845f12e2e30c', 7, 1, 'Shop', '[]', 0, '2020-04-20 16:04:35', '2020-04-20 16:04:35', '2021-04-20 16:04:35'),
('4f9a1c78daf76ff4641015327c9a3c463ea19d028578625963558a988fe97b402ed207c37ba93e61', 2, 1, 'Shop', '[]', 0, '2020-05-08 02:01:55', '2020-05-08 02:01:55', '2021-05-08 08:31:55'),
('510beeea8d12905b74b15c538271a75a7eaa3c2662b2f4b40ae37130f72b63a4d90187bbdc4f0687', 8, 1, 'Shop', '[]', 0, '2020-04-21 09:40:22', '2020-04-21 09:40:22', '2021-04-21 09:40:22'),
('5112b23687937402a04d8ac44326a36ddcf7d027345bee6ff3b60aa703135f3429e875082090964a', 2, 1, 'Shop', '[]', 0, '2020-05-07 09:50:52', '2020-05-07 09:50:52', '2021-05-07 16:20:52'),
('54c544aeaea4beab1e51195ecef64fa203e9d2f5a5ae32861893623aaaaf11e9aeb82dd78d2c13ff', 17, 1, 'Shop', '[]', 0, '2020-05-11 02:21:17', '2020-05-11 02:21:17', '2021-05-11 08:51:17'),
('56371f9d1189d621ce6785d944d3989191480ed71a22ef1ad5adda9f00b3efcdfc57cb353123a4b1', 7, 1, 'Shop', '[]', 0, '2020-04-20 18:02:24', '2020-04-20 18:02:24', '2021-04-20 18:02:24'),
('567104dddd6dedf60ebe24cc17c843b6d7cf610f41c1edcf124d9113aa6f1deb0490b37bb32a4cb9', 2, 1, 'Shop', '[]', 0, '2020-05-11 00:42:52', '2020-05-11 00:42:52', '2021-05-11 07:12:52'),
('571994de05aefa4ebae2cd9b645591d71bd72051e9efcc592eeef30e9d7d61c5c468b4ec999d85ae', 2, 1, 'Shop', '[]', 0, '2020-04-18 04:38:04', '2020-04-18 04:38:04', '2021-04-18 11:08:04'),
('5986b7a3aa347e830a73bf530fe24decfb32bdc5ee029e6edd8273370cf439d9eec1262d464d4e32', 2, 1, 'Shop', '[]', 0, '2020-05-05 03:56:32', '2020-05-05 03:56:32', '2021-05-05 10:26:32'),
('5b308bd7e7a932f45993ef38b91e7c49da9fb353b1ae7d2ea6683375a317eb2c4557359e8eb8307b', 2, 1, 'Shop', '[]', 0, '2020-05-07 05:07:25', '2020-05-07 05:07:25', '2021-05-07 11:37:25'),
('5d16fb97651f3099bbb1a235899c82bb7574280180805398085545035aeb615bb45b30e158a2c411', 17, 1, 'Shop', '[]', 0, '2020-05-07 05:57:57', '2020-05-07 05:57:57', '2021-05-07 12:27:57'),
('5dcdd84f9109c53cd92f9df515a89458960ef84824ccc0d157be09dbc7cdf7da8416d1700516cb27', 2, 1, 'Shop', '[]', 0, '2020-04-28 22:47:22', '2020-04-28 22:47:22', '2021-04-29 05:17:22'),
('5f1697dcb64d9d47ac7b29561b155eb8cb2fae8513473d4edad5494f397d261745fa0546b72c66ba', 29, 1, 'Shop', '[]', 0, '2020-05-14 00:48:36', '2020-05-14 00:48:36', '2021-05-14 07:18:36'),
('60e4a4075c2f287d63bda49a4b4ea950b77d67ed4350f540ed63e890a6673eaf52b1505698949adb', 2, 1, 'Shop', '[]', 0, '2020-04-27 09:48:56', '2020-04-27 09:48:56', '2021-04-27 16:18:56'),
('63a37106525fde3d8b3949841d52da5d101e6a2962d8ad1528612fc46897d5ab48db049a5401d673', 12, 1, 'Shop', '[]', 0, '2020-05-05 20:28:33', '2020-05-05 20:28:33', '2021-05-06 02:58:33'),
('6407fdd8fd2e702c3776292b0d85fed202c53db5954d5e533ad5cec40d868aaf4fe369579c6d104b', 2, 1, 'Shop', '[]', 0, '2020-05-02 21:21:53', '2020-05-02 21:21:53', '2021-05-03 03:51:53'),
('663cdd7b86893321da8631e873c03ea767841f604c4f262e6b6e969e63dc003de66a8e21fec53ba1', 8, 1, 'Shop', '[]', 0, '2020-04-23 03:22:27', '2020-04-23 03:22:27', '2021-04-23 03:22:27'),
('664d864c8aa3646b0d119b1a39ac46d06939c7631c554d94258a5497172d0701be7c64e683de5990', 2, 1, 'Shop', '[]', 0, '2020-04-18 04:49:46', '2020-04-18 04:49:46', '2021-04-18 11:19:46'),
('691d743de863a97bc81d51e83e37793f07219b2e41292df22b8a27e762ab287ccb6a389f188a24d6', 2, 1, 'Shop', '[]', 0, '2020-05-12 00:09:39', '2020-05-12 00:09:39', '2021-05-12 06:39:39'),
('69f965b24e38439065d915b47c0e8083acf27a77450a5da9c0b3e2b7b42c38658990b42052170a2e', 2, 1, 'Shop', '[]', 0, '2020-05-11 10:43:50', '2020-05-11 10:43:50', '2021-05-11 17:13:50'),
('6a43ba9528e1ae7dd04511f708e7fe179e06bd8826e3aaf4c1a8db9002e40d98259a5864a82a6276', 29, 1, 'Shop', '[]', 0, '2020-05-12 07:51:23', '2020-05-12 07:51:23', '2021-05-12 14:21:23'),
('6af266775a49063772de09ac7ade871eaf3a7450d48c6c000f2dfe6942281e289e8cbe798ba1b726', 7, 1, 'Shop', '[]', 0, '2020-04-20 15:15:24', '2020-04-20 15:15:24', '2021-04-20 15:15:24'),
('6ca3abe1db21c70fd1ca3798c8eb8936d0063b988cb1245ab44f0ec8d5926cb1b94aa727b0c3ee79', 12, 1, 'Shop', '[]', 0, '2020-05-06 21:54:09', '2020-05-06 21:54:09', '2021-05-07 04:24:09'),
('6ea761c419e8f55ef898372d42d612d6add0d4a6b28a21f759533e64d300c93020dd30fbe02359c4', 29, 1, 'Shop', '[]', 0, '2020-05-12 23:40:28', '2020-05-12 23:40:28', '2021-05-13 06:10:28'),
('6f5e4d3df7ebf22b6bac5eec7665df68522d9347d914502dc9656a84095002ee90d5b6ea65aaeaa5', 12, 1, 'Shop', '[]', 0, '2020-05-05 20:57:13', '2020-05-05 20:57:13', '2021-05-06 03:27:13'),
('718260df1c3d846bf1b814f541081b26d3a3f1fbd6410f23c547fc37bda00d47654ab94f6139c1f1', 8, 1, 'Shop', '[]', 0, '2020-04-21 09:15:47', '2020-04-21 09:15:47', '2021-04-21 09:15:47'),
('772fe2ad241baf8a412fc3f93e77caad5ee0d0bc420f07b3135db7c71d4d7bd8746bb74b18574e7f', 18, 1, 'Shop', '[]', 0, '2020-05-07 22:24:09', '2020-05-07 22:24:09', '2021-05-08 04:54:09'),
('79a04159ad0bd7044653903c0f12bda264af617a2d4a08dd80b0b173574bd75b63d67256065b1dab', 12, 1, 'Shop', '[]', 0, '2020-05-05 21:45:26', '2020-05-05 21:45:26', '2021-05-06 04:15:26'),
('7aee70c5afc71a941da802ed54c609480b0f18618ba3a75a095f40622552e889cf45b9787b16aa92', 8, 1, 'Shop', '[]', 0, '2020-04-22 21:12:42', '2020-04-22 21:12:42', '2021-04-22 21:12:42'),
('7c70ad469dd03621ce2997635cc9dd808fec84f888e3f4260a49b9f5f8a798aa29f320220698cd86', 8, 1, 'Shop', '[]', 0, '2020-04-21 09:49:35', '2020-04-21 09:49:35', '2021-04-21 09:49:35'),
('8153d84b783d2057aa7048cfc5746ff9a7814a50e14fd5fcf3e8d997aee6676a6dab5a7e13bdc8fd', 8, 1, 'Shop', '[]', 0, '2020-04-21 09:27:55', '2020-04-21 09:27:55', '2021-04-21 09:27:55'),
('82d586c989bd4cd8c1f754acdd4065ce6fe0d6cdf0c1a5e29888a17a26a186eb05b1ed47c14e8678', 18, 1, 'Shop', '[]', 0, '2020-05-07 23:58:32', '2020-05-07 23:58:32', '2021-05-08 06:28:32'),
('839ba14cd2445864b1016e880afe584fc9459c3b778b25688497526e32c7e0b7e48bcf2d237e28cf', 2, 1, 'Shop', '[]', 0, '2020-05-11 09:16:41', '2020-05-11 09:16:41', '2021-05-11 15:46:41'),
('85ef8393759fcee5b8cc05f54c19d12f0bb1c9b89b34782b1f3d6cc73a54413febf6c4465eaaa704', 12, 1, 'Shop', '[]', 0, '2020-05-05 20:49:24', '2020-05-05 20:49:24', '2021-05-06 03:19:24'),
('87a5326f66ec2e786079162e35f47d0904ed9e8aa8b70a5f6beeca5b5e62bb30c76c3905d55a7701', 2, 1, 'Shop', '[]', 0, '2020-05-07 10:42:34', '2020-05-07 10:42:34', '2021-05-07 17:12:34'),
('8980358de6b193a970aad050863ddc7572f85e3578f8f9efd9e4a7e957bf1043e9ca920721ff356b', 29, 1, 'Shop', '[]', 0, '2020-05-14 00:48:27', '2020-05-14 00:48:27', '2021-05-14 07:18:27'),
('8e02e48555e3d382f64916e540098ced6ea19f0aca63bc0789ea689a3fb3b8f7d319e815927eda5b', 12, 1, 'Shop', '[]', 0, '2020-05-05 20:47:57', '2020-05-05 20:47:57', '2021-05-06 03:17:57'),
('8eefafad8a935fb9c8c2d4f7332d667ff48357a6800ed4491a1686e02843d2142d6bc1a6ca96f00a', 2, 1, 'Shop', '[]', 0, '2020-05-12 00:43:09', '2020-05-12 00:43:09', '2021-05-12 07:13:09'),
('8f3823f61da9472ac12c8fd19a34d94064a086f68c2259748e82e0f8a62cf96095b909f1a42b4de6', 2, 1, 'Shop', '[]', 0, '2020-05-07 06:32:12', '2020-05-07 06:32:12', '2021-05-07 13:02:12'),
('9396ab9d345e7fa371182db8ce28b27746ca15a9b1a184a260bef5e5de9dcf65f5cc41ae556c0ea2', 2, 1, 'Shop', '[]', 0, '2020-05-08 09:47:17', '2020-05-08 09:47:17', '2021-05-08 16:17:17'),
('93b3cc2795046f9b097db2325a8e20123b6837c13ad7ec59752d138f2230a8db366c7de425543fb2', 2, 1, 'Shop', '[]', 0, '2020-05-08 01:47:47', '2020-05-08 01:47:47', '2021-05-08 08:17:47'),
('949d61af5ff658388b6548f58cd5be477c82232a9ebcb3d58aeb3dbdd1b8cb8df2a84381fedc1558', 12, 1, 'Shop', '[]', 0, '2020-05-05 20:28:14', '2020-05-05 20:28:14', '2021-05-06 02:58:14'),
('9548e22590443743a2988827a4456af807d1c9b8cb1b8c57e77bbe18ca50f49ebf4d4b407ed9b30d', 2, 1, 'Shop', '[]', 0, '2020-05-07 05:07:22', '2020-05-07 05:07:22', '2021-05-07 11:37:22'),
('96d24e904adb9142a87c682d63c988259007a8b1854bd49fcb02d0d9ecc068737765c32bdf48601a', 2, 1, 'Shop', '[]', 0, '2020-04-29 07:59:40', '2020-04-29 07:59:40', '2021-04-29 07:59:40'),
('970f6dfb22b0eed3bf5a01206a448f97cdeda82e09dabb53e02df46ec24122d2a4492fd869608f42', 2, 1, 'Shop', '[]', 0, '2020-05-12 12:12:21', '2020-05-12 12:12:21', '2021-05-12 18:42:21'),
('99246f9f8bf1e1024f626a79bed4ca6c77651d843e4dba21abb432b8fdf397c7a35f23936164e2d5', 2, 1, 'Shop', '[]', 0, '2020-05-07 11:13:54', '2020-05-07 11:13:54', '2021-05-07 17:43:54'),
('99982675fb228fe49e1e4a1c8aeabef8db904e71a0b6d15f6baf240691bb013375acd271639416fd', 17, 1, 'Shop', '[]', 0, '2020-05-11 02:21:24', '2020-05-11 02:21:24', '2021-05-11 08:51:24'),
('9a1f7564514662ca63e5c6c30b66f35063caebc283772e680a2e7cffde043c4f64166f122ccfb790', 8, 1, 'Shop', '[]', 0, '2020-04-23 04:05:52', '2020-04-23 04:05:52', '2021-04-23 04:05:52'),
('9d0cbfb6019e27635bb4a3a2aeed506c95a7d2c5f1aae9a26f4ee92da5af3a43d0d807f1155936a6', 17, 1, 'Shop', '[]', 0, '2020-05-09 00:27:36', '2020-05-09 00:27:36', '2021-05-09 06:57:36'),
('a094f9dc9cb69bd0dec0d63b5295072496edc415d0484b46572f0f642039bc1e2f123e93a18a6a74', 8, 1, 'Shop', '[]', 0, '2020-04-23 03:17:46', '2020-04-23 03:17:46', '2021-04-23 03:17:46'),
('a1d26ce224b998d87ae04ffff957c54aee8b65f4e0b64091856b68640b43eeada0fabd5bf6043a90', 2, 1, 'Shop', '[]', 0, '2020-05-11 19:55:33', '2020-05-11 19:55:33', '2021-05-12 02:25:33'),
('a2126d9bb0e5e2f12c8069f86aa2d0f7f41bd946229499ba6d5d0d4c25e08eb9659b566f1f6d3049', 2, 1, 'Shop', '[]', 0, '2020-05-06 21:59:28', '2020-05-06 21:59:28', '2021-05-07 04:29:28'),
('a2c2d50262f5a5742aef8e0db7e0a3ef4d47c9469e9ed02e6631501eb657179fdad34f6f5a8436b7', 2, 1, 'Shop', '[]', 0, '2020-05-12 08:20:17', '2020-05-12 08:20:17', '2021-05-12 14:50:17'),
('a34cef8bb75c39eda81047ebf27da6566dece7203f631dc33f4f765a1eecc957563b0a5869bdc7a8', 2, 1, 'Shop', '[]', 0, '2020-05-12 08:20:53', '2020-05-12 08:20:53', '2021-05-12 14:50:53'),
('a3c4451bf9d6f8b8b367035261a8f6db0438d3461803b8246cf3f6e790154790ed389634c07f785e', 8, 1, 'Shop', '[]', 0, '2020-04-21 09:37:22', '2020-04-21 09:37:22', '2021-04-21 09:37:22'),
('a641fa11c86e587a516d00d20c8611519166f31ee17806717837abef32379cd090fa900546cd46db', 12, 1, 'Shop', '[]', 0, '2020-05-06 21:54:54', '2020-05-06 21:54:54', '2021-05-07 04:24:54'),
('a7c44da83a6157c4dae5a28ae9593e2185afcaa0e0840da6a3d3d9ebe2cb9505aefaddbca202b574', 27, 1, 'Shop', '[]', 0, '2020-05-11 06:06:10', '2020-05-11 06:06:10', '2021-05-11 12:36:10'),
('a7ceb45110fb58443c02ce3a9109a118195233e707710afe64047f7f2454d420ecb85e5cec758afd', 2, 1, 'Shop', '[]', 0, '2020-05-04 22:06:42', '2020-05-04 22:06:42', '2021-05-05 04:36:42'),
('ab16f51e0c3d556e77bd3e812099e726ee851e7a792d1d6214b8aa30b5f665591cfd9e6be461c622', 29, 1, 'Shop', '[]', 0, '2020-05-12 08:18:12', '2020-05-12 08:18:12', '2021-05-12 14:48:12'),
('acebb8c6463ae24af2c0a71fcac2fd0dd107aa10d4cbbc1f7b4cc3d90892fc3caf2b3ba557ca7eac', 2, 1, 'Shop', '[]', 0, '2020-05-01 03:11:37', '2020-05-01 03:11:37', '2021-05-01 09:41:37'),
('ad90001885416678c038b6787dd5bfed029261576b57e7b3a27276e57b1b65db2698a24f9179f03b', 2, 1, 'Shop', '[]', 0, '2020-05-12 09:17:45', '2020-05-12 09:17:45', '2021-05-12 15:47:45'),
('ae08ce8d6e1c5c4e9c0813440fcda88ccf93cbba4b61336d6c9907361d550142df1bf8248d449c64', 29, 1, 'Shop', '[]', 0, '2020-05-12 07:52:12', '2020-05-12 07:52:12', '2021-05-12 14:22:12'),
('affcdcf6c4aac56d355f85b30ff41fd93bca5d2de1b1a61277c370ebb12ce019199fa660edf492b3', 12, 1, 'Shop', '[]', 0, '2020-05-05 20:54:59', '2020-05-05 20:54:59', '2021-05-06 03:24:59'),
('b2e5bed994d121745fa85743c7943de03def68247c58d6584e6b669e287ebc2745c746d249f731f2', 2, 1, 'Shop', '[]', 0, '2020-05-03 02:16:19', '2020-05-03 02:16:19', '2021-05-03 08:46:19'),
('b36749725bec223d1a4904a3e0f93b45e269294fc6fb5095aed9d04e4a42e7c61d84f02c422a35dc', 29, 1, 'Shop', '[]', 0, '2020-05-13 20:43:53', '2020-05-13 20:43:53', '2021-05-14 03:13:53'),
('b37e0adc7a3539f9bf9d5dbcc10cd0d8b67ae1305c859bf823a2564d17c7b4f3a9af8dcd6620f9e7', 12, 1, 'Shop', '[]', 0, '2020-05-05 20:37:28', '2020-05-05 20:37:28', '2021-05-06 03:07:28'),
('b3a1b5f313300d2e9d0b886c9c77f60f8e24adbc0125275db58dec1c63370acaa0d3cc5e4a80530e', 12, 1, 'Shop', '[]', 0, '2020-05-06 21:57:23', '2020-05-06 21:57:23', '2021-05-07 04:27:23'),
('b3b702f7b3f29d13ada9183773f48269299bb90caa2b50557c6727832cc3667e36ace30e8a0ed34d', 11, 1, 'Shop', '[]', 0, '2020-04-23 01:50:19', '2020-04-23 01:50:19', '2021-04-23 01:50:19'),
('b5d1b4f559ca0e683f600c76c91d58c543559668a58993a75c6132b033699625c77fe936ca657b7a', 2, 1, 'Shop', '[]', 0, '2020-05-08 08:38:56', '2020-05-08 08:38:56', '2021-05-08 15:08:56'),
('b5fbd52edd79be3d560aba9f4acc1ddad6510ce91a09dfcb32cb175a6ab94a7c97c22d67b21d6d9a', 2, 1, 'Shop', '[]', 0, '2020-05-12 08:21:14', '2020-05-12 08:21:14', '2021-05-12 14:51:14'),
('b660f596fea5b3caf534baafd0bb66b45b512741763059188afa40134f7423828a0af8f58ca967cc', 29, 1, 'Shop', '[]', 0, '2020-05-12 23:30:51', '2020-05-12 23:30:51', '2021-05-13 06:00:51'),
('b726c15a97c31c3eca2be2cd9f8ae1617539842e2b7d62e2e697541be15587a581aa2474a9be511f', 2, 1, 'Shop', '[]', 0, '2020-05-08 01:53:24', '2020-05-08 01:53:24', '2021-05-08 08:23:24'),
('b891d6b3794f067e1f197c06b921fa660f1fc1153208da75a0630d9518f286d18ae45e1ca38b3cd8', 17, 1, 'Shop', '[]', 0, '2020-05-08 02:00:28', '2020-05-08 02:00:28', '2021-05-08 08:30:28'),
('b9229960cb18d17dad91f3b68b617501e470e0b448e54b85cf544f16a83d1e43f2e0ddc8a5890648', 2, 1, 'Shop', '[]', 0, '2020-05-07 08:27:14', '2020-05-07 08:27:14', '2021-05-07 14:57:14'),
('bb91a68187106637b95c75fa93dd35ef09ed67593b6b3160a6ffc4597a9748d4728a62f965bdbcbb', 12, 1, 'Shop', '[]', 0, '2020-05-05 20:44:24', '2020-05-05 20:44:24', '2021-05-06 03:14:24'),
('bd3383c053bf7708ca523977ecc9e850efdca420127ae920d0f4f20a2463b8059e452b765dfce940', 28, 1, 'Shop', '[]', 0, '2020-05-11 20:01:36', '2020-05-11 20:01:36', '2021-05-12 02:31:36'),
('bd8589500836f4771262a611dfc15180f020b7d2adc76932ee1b61df8c50481afcc54913c7e22d54', 8, 1, 'Shop', '[]', 0, '2020-04-23 01:52:32', '2020-04-23 01:52:32', '2021-04-23 01:52:32'),
('bdc83b97ba151c271aa5faf91d21a7fd927f093ab13bd5bef1b946400de3ede75cd8366ca83c5a5d', 2, 1, 'Shop', '[]', 0, '2020-05-07 21:04:20', '2020-05-07 21:04:20', '2021-05-08 03:34:20'),
('bfd898d04db3452dcfd4406e1cdebbf8f501e7c377b65dc9175d2bc043a1f8698d7e7810e7323756', 11, 1, 'Shop', '[]', 0, '2020-04-23 03:20:31', '2020-04-23 03:20:31', '2021-04-23 03:20:31'),
('c10b076bdd6901f5cf3417bbf0c50c07adc6a4645b2e0f3039df77571c0850b1d3679e8783c458fc', 2, 1, 'Shop', '[]', 0, '2020-05-07 08:27:14', '2020-05-07 08:27:14', '2021-05-07 14:57:14'),
('c1e61ae1629ddc61fe85e0f01b0b393e95a7fc753e28b5f8e3f998095f849152380d23c28c74c731', 29, 1, 'Shop', '[]', 0, '2020-05-12 07:32:11', '2020-05-12 07:32:11', '2021-05-12 14:02:11'),
('c2329eb735580cf71b33b72d376f5737120ae53e49483401766872f97d9c7da616c0312a53f97997', 2, 1, 'Shop', '[]', 0, '2020-04-28 00:21:59', '2020-04-28 00:21:59', '2021-04-28 06:51:59'),
('c2a1f46f7bd31099c80d6f347092958e54e4a0ec1af11e84798ffc34c187605b0e4e8d630169f72a', 8, 1, 'Shop', '[]', 0, '2020-04-22 04:43:16', '2020-04-22 04:43:16', '2021-04-22 04:43:16'),
('c3123745486e16b2298428d6b7b1f87e8cb4eb799ea2359a3a04c268c186a11a8fbd22c6cdb3df54', 29, 1, 'Shop', '[]', 0, '2020-05-12 05:55:15', '2020-05-12 05:55:15', '2021-05-12 12:25:15'),
('c576e91375b616ad195962de23a550479301fe0872e0e3af60c1b96c12344b3417735e52b010bc5e', 29, 1, 'Shop', '[]', 0, '2020-05-13 08:23:44', '2020-05-13 08:23:44', '2021-05-13 14:53:44'),
('c7efbd9fe28ca2447f3edcd5208faf337cd593653ad4ba505676596304ed0cbdcdd6a54c909d4e4c', 17, 1, 'Shop', '[]', 0, '2020-05-11 02:21:17', '2020-05-11 02:21:17', '2021-05-11 08:51:17'),
('ca4f2960732f02f84c8556fa2c48024dfadce849aa1d009dcee7896b53d1716cb1648197c500a124', 2, 1, 'Shop', '[]', 0, '2020-05-07 05:49:48', '2020-05-07 05:49:48', '2021-05-07 12:19:48'),
('cea9deb8b4f234c5e4c56db98840143474e60e6b8376c668cb0b53f2d5d13995abb6eb03136ef6db', 2, 1, 'Shop', '[]', 0, '2020-05-11 20:28:39', '2020-05-11 20:28:39', '2021-05-12 02:58:39'),
('d0e9706a0ce0c0e9d7e812512a96150e40d15af64d92babda322ab54880e9019aff986220b06a269', 8, 1, 'Shop', '[]', 0, '2020-04-21 09:30:23', '2020-04-21 09:30:23', '2021-04-21 09:30:23'),
('d0f04f93a1d2884aa47dc82f1b07bc2046446cc8e3a882bfd181fe57aa770d6a8fd1a8cd570debc9', 2, 1, 'Shop', '[]', 0, '2020-05-13 08:25:26', '2020-05-13 08:25:26', '2021-05-13 14:55:26'),
('d4bc59fa6d12e5a27b787ad9ddba9e127d9939a8f4b9778a6d29f79dcc0042279c41f2ae30fc0d98', 2, 1, 'Shop', '[]', 0, '2020-05-12 08:54:19', '2020-05-12 08:54:19', '2021-05-12 15:24:19'),
('d67db31e73b13578ecee0f99d8aa9f0b30eccb834b1b19ec417ed88c8f61db32e71249f76c38c0bf', 2, 1, 'Shop', '[]', 0, '2020-05-10 02:11:59', '2020-05-10 02:11:59', '2021-05-10 08:41:59'),
('d6f44fad8ded66dceb725c41a76e648ae5320c4f352a2e240533e47c3a8cbce58b4a8a5e59388676', 2, 1, 'Shop', '[]', 0, '2020-05-01 04:55:17', '2020-05-01 04:55:17', '2021-05-01 11:25:17'),
('d83622942ad65cfc16bc4bfdde52a3308c27a8b627ebc088927c6abe475329b074312b77762756ff', 2, 1, 'Shop', '[]', 0, '2020-05-10 02:11:59', '2020-05-10 02:11:59', '2021-05-10 08:41:59'),
('d95281aded4a476ca256f89664bdd2110d88606e84560f8201a008d920bd834b605180d87b9db255', 2, 1, 'Shop', '[]', 0, '2020-05-06 21:23:46', '2020-05-06 21:23:46', '2021-05-07 03:53:46'),
('d9d5969b7ab90714d8df9769f9f924b616d896a39bc909441289211c1b7c73a385357b6234674216', 2, 1, 'Shop', '[]', 0, '2020-05-08 01:47:47', '2020-05-08 01:47:47', '2021-05-08 08:17:47'),
('da214bdb840a132ee1ea93cdce329d9a0e1a536c6d15ae237ace74c90208490b6965541d60748095', 2, 1, 'Shop', '[]', 0, '2020-05-05 20:36:34', '2020-05-05 20:36:34', '2021-05-06 03:06:34'),
('da5df04ca2ad92df4dfc512c1f3791e97f40eb78b08ad7d036bb2ac6b07603f55aaff18fcd44df81', 17, 1, 'Shop', '[]', 0, '2020-05-07 10:27:42', '2020-05-07 10:27:42', '2021-05-07 16:57:42'),
('dfdb7b1efbb579898308f1aa137ea4e94a555f7a1ac4383f093e40e0192a34946e9a974b1658c7bc', 2, 1, 'Shop', '[]', 0, '2020-05-12 08:35:26', '2020-05-12 08:35:26', '2021-05-12 15:05:26'),
('e19ff6b2b518cd4906891a681be91246741c62ba6e6ebd299761346fada599959ee72bbe6db6ebc0', 11, 1, 'Shop', '[]', 0, '2020-04-23 01:47:19', '2020-04-23 01:47:19', '2021-04-23 01:47:19'),
('e4e86fc2401b4392d4f3fa9156fd578f61496bf46f0139ae79f204c6b445dc99fba535dae95089d7', 17, 1, 'Shop', '[]', 0, '2020-05-08 08:59:30', '2020-05-08 08:59:30', '2021-05-08 15:29:30'),
('e6f56b13850edab629fe8ecc078e4ae33638c1a9b88ee621bed934f79cac8ca40e6366c26fdf3dd0', 2, 1, 'Shop', '[]', 0, '2020-05-03 22:17:27', '2020-05-03 22:17:27', '2021-05-04 04:47:27'),
('e858c5fb8b1973f4adf3a73264a2fd69d381ccb9f4e28943ab9f8b41247da50a319615f3696252a4', 2, 1, 'Shop', '[]', 0, '2020-05-11 19:55:33', '2020-05-11 19:55:33', '2021-05-12 02:25:33'),
('e8a56165ada98d062038f101c71528523e15c108ac0cbc9bca10dc86a4102f408567029ef8744277', 2, 1, 'Shop', '[]', 0, '2020-05-12 00:09:38', '2020-05-12 00:09:38', '2021-05-12 06:39:38'),
('e91ca25f65d1120f9baf5e1f066b6ff6df844872c1f88a1650fb0d6e05e9b2dd91642b59a224b06d', 29, 1, 'Shop', '[]', 0, '2020-05-12 07:44:28', '2020-05-12 07:44:28', '2021-05-12 14:14:28'),
('f119b55276fff173fbf7687b8c7765a49cd65f4efa67ff0856db9ec569eb79dd416b961e31c164e4', 11, 1, 'Shop', '[]', 0, '2020-04-23 03:20:55', '2020-04-23 03:20:55', '2021-04-23 03:20:55'),
('f3f425c162d9992d8a4a1f23114f49b2a8e48c16e93491284cf3cc416082b42b912f0a1c44262eaf', 2, 1, 'Shop', '[]', 0, '2020-05-13 08:25:24', '2020-05-13 08:25:24', '2021-05-13 14:55:24'),
('f452e74c78849509279778ac01f6ee174459181717019b24ef8857e6861e259f158f22388623f067', 12, 1, 'Shop', '[]', 0, '2020-05-06 21:56:02', '2020-05-06 21:56:02', '2021-05-07 04:26:02'),
('f85a66abd8df7fa3a7e9dc7d3e2f1d9fae1609f92a5cf469fcd5a53cbabbe7bafbeab8fee1077c01', 2, 1, 'Shop', '[]', 0, '2020-05-11 10:43:51', '2020-05-11 10:43:51', '2021-05-11 17:13:51'),
('fb12f1c1c75c0d609e4cd5e6c0e56f4c686d6e5afde1c9b183c7d5fd3bd475d99ac5e355711b0b3a', 8, 1, 'Shop', '[]', 0, '2020-04-21 07:52:27', '2020-04-21 07:52:27', '2021-04-21 07:52:27'),
('fc7868b19dbe844b0bc431f42faeb0f797d6d83c54896f6c611f86212a7529d2eb2fb867ae39533c', 17, 1, 'Shop', '[]', 0, '2020-05-07 06:12:59', '2020-05-07 06:12:59', '2021-05-07 12:42:59'),
('fcab3379714fd52ecd3db02ec832f9a6b640c8906c99f57ce1dc96620fd60d435b6daea75dc581c0', 2, 1, 'Shop', '[]', 0, '2020-05-11 00:42:52', '2020-05-11 00:42:52', '2021-05-11 07:12:52'),
('ffe58b81479d38a2c49520c9d842c14d106704e36859c6227eaafacb4d752101260c561f382d5b0c', 2, 1, 'Shop', '[]', 0, '2020-05-12 07:41:30', '2020-05-12 07:41:30', '2021-05-12 14:11:30');

-- --------------------------------------------------------

--
-- Table structure for table `oauth_auth_codes`
--

CREATE TABLE `oauth_auth_codes` (
  `id` varchar(100) COLLATE utf8mb4_unicode_ci NOT NULL,
  `user_id` bigint(20) NOT NULL,
  `client_id` int(10) UNSIGNED NOT NULL,
  `scopes` text COLLATE utf8mb4_unicode_ci DEFAULT NULL,
  `revoked` tinyint(1) NOT NULL,
  `expires_at` datetime DEFAULT NULL
) ENGINE=InnoDB DEFAULT CHARSET=utf8mb4 COLLATE=utf8mb4_unicode_ci;

-- --------------------------------------------------------

--
-- Table structure for table `oauth_clients`
--

CREATE TABLE `oauth_clients` (
  `id` int(10) UNSIGNED NOT NULL,
  `user_id` bigint(20) DEFAULT NULL,
  `name` varchar(255) COLLATE utf8mb4_unicode_ci NOT NULL,
  `secret` varchar(100) COLLATE utf8mb4_unicode_ci NOT NULL,
  `redirect` text COLLATE utf8mb4_unicode_ci NOT NULL,
  `personal_access_client` tinyint(1) NOT NULL,
  `password_client` tinyint(1) NOT NULL,
  `revoked` tinyint(1) NOT NULL,
  `created_at` timestamp NULL DEFAULT NULL,
  `updated_at` timestamp NULL DEFAULT NULL
) ENGINE=InnoDB DEFAULT CHARSET=utf8mb4 COLLATE=utf8mb4_unicode_ci;

--
-- Dumping data for table `oauth_clients`
--

INSERT INTO `oauth_clients` (`id`, `user_id`, `name`, `secret`, `redirect`, `personal_access_client`, `password_client`, `revoked`, `created_at`, `updated_at`) VALUES
(1, NULL, 'Laravel Personal Access Client', 'NIiZ21i39DYiLX4QIZbEMzO2QegpOypvY732rOVx', 'http://localhost', 1, 0, 0, '2020-04-18 04:28:53', '2020-04-18 04:28:53'),
(2, NULL, 'Laravel Password Grant Client', 'KOTghiABr5MmVS6QWE0KCoP8EtcBSs2uq6h3faOW', 'http://localhost', 0, 1, 0, '2020-04-18 04:28:53', '2020-04-18 04:28:53');

-- --------------------------------------------------------

--
-- Table structure for table `oauth_personal_access_clients`
--

CREATE TABLE `oauth_personal_access_clients` (
  `id` int(10) UNSIGNED NOT NULL,
  `client_id` int(10) UNSIGNED NOT NULL,
  `created_at` timestamp NULL DEFAULT NULL,
  `updated_at` timestamp NULL DEFAULT NULL
) ENGINE=InnoDB DEFAULT CHARSET=utf8mb4 COLLATE=utf8mb4_unicode_ci;

--
-- Dumping data for table `oauth_personal_access_clients`
--

INSERT INTO `oauth_personal_access_clients` (`id`, `client_id`, `created_at`, `updated_at`) VALUES
(1, 1, '2020-04-18 04:28:53', '2020-04-18 04:28:53');

-- --------------------------------------------------------

--
-- Table structure for table `oauth_refresh_tokens`
--

CREATE TABLE `oauth_refresh_tokens` (
  `id` varchar(100) COLLATE utf8mb4_unicode_ci NOT NULL,
  `access_token_id` varchar(100) COLLATE utf8mb4_unicode_ci NOT NULL,
  `revoked` tinyint(1) NOT NULL,
  `expires_at` datetime DEFAULT NULL
) ENGINE=InnoDB DEFAULT CHARSET=utf8mb4 COLLATE=utf8mb4_unicode_ci;

-- --------------------------------------------------------

--
-- Table structure for table `orders`
--

CREATE TABLE `orders` (
  `id` bigint(20) UNSIGNED NOT NULL,
  `township_id` bigint(20) UNSIGNED NOT NULL,
  `receive_date` date NOT NULL,
  `receive_time` time NOT NULL,
  `address` varchar(255) COLLATE utf8mb4_unicode_ci NOT NULL,
  `user_id` bigint(20) UNSIGNED NOT NULL,
  `status` varchar(255) COLLATE utf8mb4_unicode_ci NOT NULL DEFAULT 'pending',
  `created_at` timestamp NULL DEFAULT NULL,
  `updated_at` timestamp NULL DEFAULT NULL
) ENGINE=InnoDB DEFAULT CHARSET=utf8mb4 COLLATE=utf8mb4_unicode_ci;

--
-- Dumping data for table `orders`
--

INSERT INTO `orders` (`id`, `township_id`, `receive_date`, `receive_time`, `address`, `user_id`, `status`, `created_at`, `updated_at`) VALUES
(62, 24, '2020-05-14', '16:00:00', '17 Insein  Street', 29, 'pending', '2020-05-12 23:40:43', '2020-05-12 23:40:43'),
(63, 24, '2020-05-15', '16:00:00', '17 Insein  Street', 29, 'pending', '2020-05-13 08:24:50', '2020-05-13 08:24:50'),
(64, 24, '2020-05-15', '16:00:00', '17 Insein  Street', 29, 'pending', '2020-05-13 21:31:24', '2020-05-13 21:31:24');

-- --------------------------------------------------------

--
-- Table structure for table `order_products`
--

CREATE TABLE `order_products` (
  `id` bigint(20) UNSIGNED NOT NULL,
  `order_id` bigint(20) UNSIGNED NOT NULL,
  `product_id` bigint(20) UNSIGNED NOT NULL,
  `quantity` int(11) NOT NULL,
  `created_at` timestamp NULL DEFAULT NULL,
  `updated_at` timestamp NULL DEFAULT NULL
) ENGINE=InnoDB DEFAULT CHARSET=utf8mb4 COLLATE=utf8mb4_unicode_ci;

--
-- Dumping data for table `order_products`
--

INSERT INTO `order_products` (`id`, `order_id`, `product_id`, `quantity`, `created_at`, `updated_at`) VALUES
(69, 62, 27, 1, '2020-05-12 23:40:44', '2020-05-12 23:40:44'),
(70, 63, 50, 1, '2020-05-13 08:24:50', '2020-05-13 08:24:50'),
(71, 63, 25, 1, '2020-05-13 08:24:51', '2020-05-13 08:24:51'),
(72, 63, 26, 1, '2020-05-13 08:24:51', '2020-05-13 08:24:51'),
(73, 64, 54, 1, '2020-05-13 21:31:25', '2020-05-13 21:31:25');

-- --------------------------------------------------------

--
-- Table structure for table `password_resets`
--

CREATE TABLE `password_resets` (
  `email` varchar(255) COLLATE utf8mb4_unicode_ci NOT NULL,
  `token` varchar(255) COLLATE utf8mb4_unicode_ci NOT NULL,
  `created_at` timestamp NULL DEFAULT NULL
) ENGINE=InnoDB DEFAULT CHARSET=utf8mb4 COLLATE=utf8mb4_unicode_ci;

-- --------------------------------------------------------

--
-- Table structure for table `payments`
--

CREATE TABLE `payments` (
  `id` bigint(20) UNSIGNED NOT NULL,
  `order_id` bigint(20) UNSIGNED NOT NULL,
  `type` varchar(255) COLLATE utf8mb4_unicode_ci NOT NULL,
  `created_at` timestamp NULL DEFAULT NULL,
  `updated_at` timestamp NULL DEFAULT NULL
) ENGINE=InnoDB DEFAULT CHARSET=utf8mb4 COLLATE=utf8mb4_unicode_ci;

--
-- Dumping data for table `payments`
--

INSERT INTO `payments` (`id`, `order_id`, `type`, `created_at`, `updated_at`) VALUES
(15, 62, 'cash', '2020-05-12 23:40:44', '2020-05-12 23:40:44'),
(16, 63, 'cash', '2020-05-13 08:24:50', '2020-05-13 08:24:50'),
(17, 64, 'cash', '2020-05-13 21:31:25', '2020-05-13 21:31:25');

-- --------------------------------------------------------

--
-- Table structure for table `products`
--

CREATE TABLE `products` (
  `id` bigint(20) UNSIGNED NOT NULL,
  `name` varchar(255) COLLATE utf8mb4_unicode_ci NOT NULL,
  `price` varchar(255) COLLATE utf8mb4_unicode_ci NOT NULL,
  `detail` longtext COLLATE utf8mb4_unicode_ci NOT NULL,
  `sub_category_id` bigint(20) UNSIGNED NOT NULL,
  `color_name` varchar(255) COLLATE utf8mb4_unicode_ci NOT NULL,
  `size_name` varchar(255) COLLATE utf8mb4_unicode_ci NOT NULL,
  `created_at` timestamp NULL DEFAULT NULL,
  `updated_at` timestamp NULL DEFAULT NULL
) ENGINE=InnoDB DEFAULT CHARSET=utf8mb4 COLLATE=utf8mb4_unicode_ci;

--
-- Dumping data for table `products`
--

INSERT INTO `products` (`id`, `name`, `price`, `detail`, `sub_category_id`, `color_name`, `size_name`, `created_at`, `updated_at`) VALUES
(20, 'Flower', '8000', 'Pretty', 35, '[\"Yellow\"]', '[\"S (small)\"]', '2020-05-07 06:41:06', '2020-05-07 06:41:06'),
(21, 'LadyTop', '9600', 'GreenDesign', 32, '[\"White\",\"Yellow\",\"green\",\"red\"]', '[\"XXL\",\"XL\",\"L (large)\",\"M (medium)\",\"S (small)\"]', '2020-05-07 06:54:47', '2020-05-07 06:54:47'),
(22, 'Blouse', '9600', 'Nice', 32, '[\"White\",\"Yellow\",\"green\",\"red\"]', '[\"XXL\",\"XL\",\"L (large)\",\"M (medium)\",\"S (small)\"]', '2020-05-07 06:56:06', '2020-05-07 06:56:06'),
(24, 'LongEarrings', '7900', 'Pretty', 35, '[\"White\",\"Yellow\",\"green\",\"red\"]', '[\"M (medium)\"]', '2020-05-07 06:57:49', '2020-05-07 06:57:49'),
(25, 'LongDress', '45000', 'With Flower', 17, '[\"White\",\"Black\"]', '[\"XL\",\"L (large)\",\"M (medium)\"]', '2020-05-07 08:33:54', '2020-05-07 08:33:54'),
(26, 'CuteDress', '25000', 'With Flower', 17, '[\"White\",\"Black\",\"red\"]', '[\"XL\",\"L (large)\",\"M (medium)\"]', '2020-05-07 08:35:29', '2020-05-07 08:35:29'),
(27, '2ColorDress', '35000', 'undefined', 17, '[\"Black & White\",\"Yellow & Grey\"]', '[\"XL\",\"L (large)\",\"M (medium)\"]', '2020-05-07 08:39:33', '2020-05-07 08:39:45'),
(40, 'Star', '7800', 'Rich style', 35, '[\"Yellow\"]', '[\"M (medium)\"]', '2020-05-08 06:18:28', '2020-05-08 06:18:28'),
(41, 'YoungStyle Dress', '25000', 'undefined', 17, '[\"blue\"]', '[\"XL\",\"L (large)\",\"M (medium)\",\"S (small)\"]', '2020-05-08 06:21:11', '2020-05-08 06:24:04'),
(43, 'Sporty Type', '12000', 'Youth Style', 32, '[\"White\",\"Black\",\"Red\"]', '[\"XL\",\"L (large)\",\"M (medium)\",\"S (small)\"]', '2020-05-08 06:32:36', '2020-05-08 06:32:36'),
(48, 'Black X White', '11000', 'Youth Style', 32, '[\"White\",\"Black\"]', '[\"XXL\",\"XL\",\"L (large)\",\"M (medium)\",\"S (small)\"]', '2020-05-08 06:47:08', '2020-05-08 06:47:08'),
(49, 'NotMyFirst', '11000', 'Youth Style', 32, '[\"Grey\",\"White\",\"Black\"]', '[\"XXL\",\"XL\",\"L (large)\",\"M (medium)\",\"S (small)\"]', '2020-05-08 06:52:12', '2020-05-08 06:52:12'),
(50, 'KstyleWhite Dress', '21000', 'Youth Style', 17, '[\"White\"]', '[\"XXL\",\"XL\",\"L (large)\",\"M (medium)\",\"S (small)\"]', '2020-05-08 06:53:32', '2020-05-08 06:53:32'),
(54, 'Handle With Care', '22000', 'Cool Design', 11, '[\"White\",\"Black\",\"blue\",\"green\"]', '[\"XL\",\"L (large)\",\"M (medium)\",\"S (small)\"]', '2020-05-08 07:03:23', '2020-05-08 07:03:23'),
(55, 'BlackX', '22000', 'Cool Design', 11, '[\"White\",\"Black\"]', '[\"XL\",\"L (large)\",\"M (medium)\",\"S (small)\"]', '2020-05-08 07:06:47', '2020-05-08 07:06:47'),
(56, 'PatchWork', '22000', 'Cool Design', 11, '[\"Grey\",\"White\",\"Black\"]', '[\"XL\",\"L (large)\",\"M (medium)\",\"S (small)\"]', '2020-05-08 07:07:25', '2020-05-08 07:07:25'),
(57, 'JapaneseWords', '22000', 'Cool Design', 11, '[\"Grey\",\"White\",\"Black\"]', '[\"XL\",\"L (large)\",\"M (medium)\",\"S (small)\"]', '2020-05-08 07:07:52', '2020-05-08 07:07:52'),
(61, 'Cargo Pants', '18500', 'Cargo Black Pant', 36, '[\"White\",\"Black\"]', '[\"XL\",\"L (large)\",\"M (medium)\"]', '2020-05-11 09:17:51', '2020-05-11 09:17:51'),
(62, 'Ripped Jeans', '21000', 'Large Ripped Jeans', 36, '[\"White\",\"Black\"]', '[\"XL\",\"L (large)\",\"M (medium)\"]', '2020-05-11 09:18:43', '2020-05-11 09:18:43'),
(63, 'Blue Jeans', '16500', 'Nice Design', 36, '[\"blue\"]', '[\"XL\",\"L (large)\",\"M (medium)\"]', '2020-05-11 09:20:02', '2020-05-11 09:20:02'),
(66, 'PatchWork Design', '28000', 'Japan Design', 11, '[\"White\",\"Black\",\"green\"]', '[\"XXL\",\"XL\",\"L (large)\",\"M (medium)\"]', '2020-05-11 09:29:49', '2020-05-11 09:29:49');

-- --------------------------------------------------------

--
-- Table structure for table `product_photos`
--

CREATE TABLE `product_photos` (
  `id` bigint(20) UNSIGNED NOT NULL,
  `photo` text COLLATE utf8mb4_unicode_ci NOT NULL,
  `product_id` bigint(20) UNSIGNED NOT NULL,
  `created_at` timestamp NULL DEFAULT NULL,
  `updated_at` timestamp NULL DEFAULT NULL
) ENGINE=InnoDB DEFAULT CHARSET=utf8mb4 COLLATE=utf8mb4_unicode_ci;

--
-- Dumping data for table `product_photos`
--

INSERT INTO `product_photos` (`id`, `photo`, `product_id`, `created_at`, `updated_at`) VALUES
(1, '5eae81d1c327532945205_941708212677213_4163302041294209024_n - Copy.jpg', 1, '2020-05-03 02:03:21', '2020-05-03 02:03:21'),
(2, '5eae81d1eea1d32945205_941708212677213_4163302041294209024_n.jpg', 1, '2020-05-03 02:03:21', '2020-05-03 02:03:21'),
(21, '5eb3fd8c6a83534.jpg', 14, '2020-05-07 05:52:36', '2020-05-07 05:52:36'),
(27, '5eb408ea22a8171VhH_2Bh6eWL._UL1500_1024x1024.jpg.webp', 20, '2020-05-07 06:41:06', '2020-05-07 06:41:06'),
(28, '5eb40c1fde06fChiffon-Blouse-2020-New-Women-Tops-Long-Sleeve-Stand-Neck-Work-Wear-Shirts-Elegant-Lady-Blouses.jpg.webp', 21, '2020-05-07 06:54:47', '2020-05-07 06:54:47'),
(29, '5eb40c6e3a43619.jpg', 22, '2020-05-07 06:56:06', '2020-05-07 06:56:06'),
(31, '5eb40cd555881TOUCHEART-Imitation-Fancy-Earrings-Fashion-Jewelry-With-Stones-Big-Gold-color-Pearl-Earring-For-Women-Pendientes.jpg.webp', 24, '2020-05-07 06:57:49', '2020-05-07 06:57:49'),
(32, '5eb4235a8b40cSpring-Winter-Ladies-Dress-2019-Work-Pencil-Dress-Long-Sleeve-Midi-Slim-Women-Dresses-Office-Dress__58158.1575212776.jpg', 25, '2020-05-07 08:33:54', '2020-05-07 08:33:54'),
(33, '5eb423b92ce5bUTB8a8jhln_IXKJkSalUq6yBzVXaH.jpg_.webp', 26, '2020-05-07 08:35:29', '2020-05-07 08:35:29'),
(34, '5eb424ad798cashein-color-block-pencil-dress-classy-slim-fit-summer-women-dresses-2019-sexy-basic-stretchy-short-sleeve-bodycon-dresses-summer-dress_1024x1024.jpg.webp', 27, '2020-05-07 08:39:33', '2020-05-07 08:39:33'),
(36, '5eb427412bb1e248da360e42aa00a78cf15d8ba08b7c3.jpg', 29, '2020-05-07 08:50:33', '2020-05-07 08:50:33'),
(37, '5eb42790b0db8cbdfd19eb74565bce9306d1ea6eb1dab.jpg', 30, '2020-05-07 08:51:52', '2020-05-07 08:51:52'),
(39, '5eb43536502492_born_550x.jpg.webp', 34, '2020-05-07 09:50:06', '2020-05-07 09:50:06'),
(47, '5eb5551c59f87Star-Shaped-Stud-Earrings-2Pc-Italina-New-Trendy-Fancy-Latest-Design-Star-Design-Stud-Earring-For.jpg', 40, '2020-05-08 06:18:28', '2020-05-08 06:18:28'),
(48, '5eb555bf25d16product-1.jpg', 41, '2020-05-08 06:21:11', '2020-05-08 06:21:11'),
(50, '5eb5586ca35e4women-s-letter-print-causal-sport-crop-top-sweatshirt-hooded-pullover_1469793348558.webp', 43, '2020-05-08 06:32:36', '2020-05-08 06:32:36'),
(55, '5eb55bd4b94a2apna-time-aayega-women-s-crop-top-500x500.jpg', 48, '2020-05-08 06:47:08', '2020-05-08 06:47:08'),
(56, '5eb55d04a966571raG89F7NL._AC_UX522_.jpg', 49, '2020-05-08 06:52:12', '2020-05-08 06:52:12'),
(57, '5eb55d543ca40Mihoshop-Ulzzang-Korean-Korea-Women-Fashion-Clothing-Hooded-White-Long-Sleeve-Casual-Loose-Net-Dress.jpg_q50.jpg', 50, '2020-05-08 06:53:32', '2020-05-08 06:53:32'),
(62, '5eb55f018a9e8unnamed.jpg', 53, '2020-05-08 07:00:41', '2020-05-08 07:00:41'),
(63, '5eb55fa364481fb719010409_3.jpg', 54, '2020-05-08 07:03:23', '2020-05-08 07:03:23'),
(64, '5eb55fa37769efb719010409_4.jpg', 54, '2020-05-08 07:03:23', '2020-05-08 07:03:23'),
(65, '5eb55fa392351fb719010409_5.jpg', 54, '2020-05-08 07:03:23', '2020-05-08 07:03:23'),
(66, '5eb55fa39ff94fb719010409_6.jpg', 54, '2020-05-08 07:03:23', '2020-05-08 07:03:23'),
(67, '5eb5606f50df6d57d8857edac454cb89b0a9489b19dee.jpg', 55, '2020-05-08 07:06:47', '2020-05-08 07:06:47'),
(68, '5eb5609561da0H504d1e02310942b0a2ff3203954981f3T.jpg.webp', 56, '2020-05-08 07:07:25', '2020-05-08 07:07:25'),
(69, '5eb560b10fb7aproduct-image-1132711461_grande.jpg.webp', 57, '2020-05-08 07:07:53', '2020-05-08 07:07:53'),
(70, '5eb561de3636dt-shirt-men-korea-vintage-orange-harajuku.jpg', 58, '2020-05-08 07:12:54', '2020-05-08 07:12:54'),
(71, '5eb5624e0f16cSWENEARO-font-b-Simple-b-font-Creative-font-b-Design-b-font-Line-Cross-Printed-Cotton.jpg.webp', 59, '2020-05-08 07:14:46', '2020-05-08 07:14:46'),
(72, '5eb56315430560dcda7667364e3a57004d1d36d4eada5.jpg', 60, '2020-05-08 07:18:05', '2020-05-08 07:18:05'),
(73, '5eb5631561209VERSMA-BTS-Kpop-Korean-Harajuku-GD-Black-White-Striped-T-shirt-Men-Women-Unisex-Loose-Oversize.jpg.webp', 60, '2020-05-08 07:18:05', '2020-05-08 07:18:05'),
(74, '5eb973a77998crBVaSlqyEc-ALcn9AAFm_4hG2Kw282.jpg', 61, '2020-05-11 09:17:51', '2020-05-11 09:17:51'),
(75, '5eb973dbe5f57UTB87YBKvlahduJk43Jaq6zM8FXa6.jpg', 62, '2020-05-11 09:18:43', '2020-05-11 09:18:43'),
(76, '5eb9742a7dce8TB2gvSYe3KTBuNkSne1XXaJoXXa_!!589774347.jpg', 63, '2020-05-11 09:20:02', '2020-05-11 09:20:02'),
(80, '5eb97675e3184KUANGNAN-Japan-Style-Patchwork-Hoodie-Men-Streetwear-Mens-Hoodies-Hip-Hop-Sweatshirt-Men-Hoodies-Sweatshirts-5XL.jpg.webp', 66, '2020-05-11 09:29:49', '2020-05-11 09:29:49');

-- --------------------------------------------------------

--
-- Table structure for table `sizes`
--

CREATE TABLE `sizes` (
  `id` bigint(20) UNSIGNED NOT NULL,
  `name` varchar(255) COLLATE utf8mb4_unicode_ci NOT NULL,
  `created_at` timestamp NULL DEFAULT NULL,
  `updated_at` timestamp NULL DEFAULT NULL
) ENGINE=InnoDB DEFAULT CHARSET=utf8mb4 COLLATE=utf8mb4_unicode_ci;

--
-- Dumping data for table `sizes`
--

INSERT INTO `sizes` (`id`, `name`, `created_at`, `updated_at`) VALUES
(8, 'S (small)', '2020-04-29 07:12:52', '2020-04-29 07:12:52'),
(9, 'M (medium)', '2020-04-29 07:13:06', '2020-04-29 07:13:06'),
(10, 'L (large)', '2020-04-29 07:13:17', '2020-04-29 07:13:17'),
(11, 'XL', '2020-04-29 07:13:28', '2020-04-29 07:13:28'),
(12, 'XXL', '2020-04-29 07:13:38', '2020-04-29 07:13:38');

-- --------------------------------------------------------

--
-- Table structure for table `sub_categories`
--

CREATE TABLE `sub_categories` (
  `id` bigint(20) UNSIGNED NOT NULL,
  `name` varchar(255) COLLATE utf8mb4_unicode_ci NOT NULL,
  `main_category_id` bigint(20) UNSIGNED NOT NULL,
  `photo` text COLLATE utf8mb4_unicode_ci NOT NULL,
  `created_at` timestamp NULL DEFAULT NULL,
  `updated_at` timestamp NULL DEFAULT NULL
) ENGINE=InnoDB DEFAULT CHARSET=utf8mb4 COLLATE=utf8mb4_unicode_ci;

--
-- Dumping data for table `sub_categories`
--

INSERT INTO `sub_categories` (`id`, `name`, `main_category_id`, `photo`, `created_at`, `updated_at`) VALUES
(11, 'Hoodies+ Sweatshirts', 5, '5ea9393ea2debindex.jpg', '2020-04-29 08:22:22', '2020-04-29 08:22:22'),
(17, 'Dresses', 6, '5ea93c03bd9784.jpg', '2020-04-29 08:34:11', '2020-04-29 08:34:11'),
(32, 'Girl Tops', 6, '5eb40057db6c715.jpg', '2020-05-07 06:04:31', '2020-05-07 06:04:31'),
(35, 'Earrings', 7, '5eb407975a50e71VhH_2Bh6eWL._UL1500_1024x1024.jpg.webp', '2020-05-07 06:35:27', '2020-05-07 06:35:27'),
(36, 'Girls Pants', 6, '5eb55db05934710.jpg', '2020-05-08 06:55:04', '2020-05-08 06:55:04'),
(37, 'Pants', 5, '5eb55dd8925c53.jpg', '2020-05-08 06:55:44', '2020-05-08 06:55:44');

-- --------------------------------------------------------

--
-- Table structure for table `suppliers`
--

CREATE TABLE `suppliers` (
  `id` bigint(20) UNSIGNED NOT NULL,
  `name` varchar(255) COLLATE utf8mb4_unicode_ci NOT NULL,
  `email` varchar(255) COLLATE utf8mb4_unicode_ci NOT NULL,
  `phone` varchar(255) COLLATE utf8mb4_unicode_ci NOT NULL,
  `address` varchar(255) COLLATE utf8mb4_unicode_ci NOT NULL,
  `created_at` timestamp NULL DEFAULT NULL,
  `updated_at` timestamp NULL DEFAULT NULL
) ENGINE=InnoDB DEFAULT CHARSET=utf8mb4 COLLATE=utf8mb4_unicode_ci;

--
-- Dumping data for table `suppliers`
--

INSERT INTO `suppliers` (`id`, `name`, `email`, `phone`, `address`, `created_at`, `updated_at`) VALUES
(1, 'Thai Latkon', 'thai@gmail.com', '12389329329', 'Thailand', '2020-05-07 10:43:22', '2020-05-07 10:43:22');

-- --------------------------------------------------------

--
-- Table structure for table `townships`
--

CREATE TABLE `townships` (
  `id` bigint(20) UNSIGNED NOT NULL,
  `name` varchar(255) COLLATE utf8mb4_unicode_ci NOT NULL,
  `created_at` timestamp NULL DEFAULT NULL,
  `updated_at` timestamp NULL DEFAULT NULL
) ENGINE=InnoDB DEFAULT CHARSET=utf8mb4 COLLATE=utf8mb4_unicode_ci;

--
-- Dumping data for table `townships`
--

INSERT INTO `townships` (`id`, `name`, `created_at`, `updated_at`) VALUES
(1, 'Insein', '2020-04-18 04:38:45', '2020-04-29 09:10:05'),
(4, 'BoTaHtaung', '2020-04-18 04:39:35', '2020-04-29 09:09:38'),
(10, 'Lanmadaw', '2020-04-18 04:41:16', '2020-04-29 09:08:33'),
(17, 'YanKhin', '2020-04-18 04:42:19', '2020-04-29 09:05:04'),
(18, 'Thar Kay Ta', '2020-04-18 04:42:25', '2020-04-29 09:04:54'),
(19, 'Latha', '2020-04-18 04:42:29', '2020-04-29 09:04:45'),
(20, 'Mayangone', '2020-04-18 04:42:31', '2020-04-29 09:04:31'),
(21, 'North Dagon', '2020-04-18 04:42:35', '2020-04-29 09:04:22'),
(23, 'Hlaing', '2020-04-18 04:42:45', '2020-04-29 09:04:01'),
(24, 'Kyimyinding', '2020-04-18 04:42:51', '2020-04-29 09:03:51'),
(25, 'Ahlone', '2020-04-18 04:42:56', '2020-04-29 09:03:42'),
(29, 'Samchaung', '2020-04-29 09:05:16', '2020-04-29 09:05:16'),
(31, 'South Ookalapa', '2020-04-29 09:07:23', '2020-04-29 09:07:23'),
(32, 'BaHan', '2020-05-11 06:05:36', '2020-05-11 06:05:36');

-- --------------------------------------------------------

--
-- Table structure for table `users`
--

CREATE TABLE `users` (
  `id` bigint(20) UNSIGNED NOT NULL,
  `email` varchar(255) COLLATE utf8mb4_unicode_ci NOT NULL,
  `user_type` varchar(255) COLLATE utf8mb4_unicode_ci NOT NULL,
  `customer_id` bigint(20) UNSIGNED DEFAULT NULL,
  `email_verified_at` timestamp NULL DEFAULT NULL,
  `password` varchar(255) COLLATE utf8mb4_unicode_ci NOT NULL,
  `remember_token` varchar(100) COLLATE utf8mb4_unicode_ci DEFAULT NULL,
  `created_at` timestamp NULL DEFAULT NULL,
  `updated_at` timestamp NULL DEFAULT NULL
) ENGINE=InnoDB DEFAULT CHARSET=utf8mb4 COLLATE=utf8mb4_unicode_ci;

--
-- Dumping data for table `users`
--

INSERT INTO `users` (`id`, `email`, `user_type`, `customer_id`, `email_verified_at`, `password`, `remember_token`, `created_at`, `updated_at`) VALUES
(2, 'adminthet@gmail.com', 'admin', NULL, NULL, '$2y$10$iu6J1mEvTAxa5Ja9sdoUwu3sp96PEsaKqVwHU/5PKxTAsvD1dT.4C', NULL, NULL, NULL),
(28, 'mm1@gmail.com', 'customer', 26, NULL, '$2y$10$XZFGF4s6PhjO5gpyXexKsuxaVzlZd6.6DweZpGNZbdS44qKd/yovy', NULL, '2020-05-11 20:01:25', '2020-05-11 20:01:25'),
(29, 'kim@gmail.com', 'customer', 27, NULL, '$2y$10$vV2FDvhtkKlBSl42mkICzOqcPgO/e08PDEMIkyxjxerCmC9UdsEbS', NULL, '2020-05-12 05:13:23', '2020-05-12 05:13:23');

--
-- Indexes for dumped tables
--

--
-- Indexes for table `colors`
--
ALTER TABLE `colors`
  ADD PRIMARY KEY (`id`);

--
-- Indexes for table `customers`
--
ALTER TABLE `customers`
  ADD PRIMARY KEY (`id`),
  ADD KEY `customers_township_id_foreign` (`township_id`);

--
-- Indexes for table `main_categories`
--
ALTER TABLE `main_categories`
  ADD PRIMARY KEY (`id`);

--
-- Indexes for table `migrations`
--
ALTER TABLE `migrations`
  ADD PRIMARY KEY (`id`);

--
-- Indexes for table `oauth_access_tokens`
--
ALTER TABLE `oauth_access_tokens`
  ADD PRIMARY KEY (`id`),
  ADD KEY `oauth_access_tokens_user_id_index` (`user_id`);

--
-- Indexes for table `oauth_auth_codes`
--
ALTER TABLE `oauth_auth_codes`
  ADD PRIMARY KEY (`id`);

--
-- Indexes for table `oauth_clients`
--
ALTER TABLE `oauth_clients`
  ADD PRIMARY KEY (`id`),
  ADD KEY `oauth_clients_user_id_index` (`user_id`);

--
-- Indexes for table `oauth_personal_access_clients`
--
ALTER TABLE `oauth_personal_access_clients`
  ADD PRIMARY KEY (`id`),
  ADD KEY `oauth_personal_access_clients_client_id_index` (`client_id`);

--
-- Indexes for table `oauth_refresh_tokens`
--
ALTER TABLE `oauth_refresh_tokens`
  ADD PRIMARY KEY (`id`),
  ADD KEY `oauth_refresh_tokens_access_token_id_index` (`access_token_id`);

--
-- Indexes for table `orders`
--
ALTER TABLE `orders`
  ADD PRIMARY KEY (`id`),
  ADD KEY `orders_township_id_foreign` (`township_id`),
  ADD KEY `orders_user_id_foreign` (`user_id`);

--
-- Indexes for table `order_products`
--
ALTER TABLE `order_products`
  ADD PRIMARY KEY (`id`),
  ADD KEY `order_products_order_id_foreign` (`order_id`),
  ADD KEY `order_products_product_id_foreign` (`product_id`);

--
-- Indexes for table `password_resets`
--
ALTER TABLE `password_resets`
  ADD KEY `password_resets_email_index` (`email`);

--
-- Indexes for table `payments`
--
ALTER TABLE `payments`
  ADD PRIMARY KEY (`id`),
  ADD KEY `payments_order_id_foreign` (`order_id`);

--
-- Indexes for table `products`
--
ALTER TABLE `products`
  ADD PRIMARY KEY (`id`),
  ADD KEY `products_sub_category_id_foreign` (`sub_category_id`);

--
-- Indexes for table `product_photos`
--
ALTER TABLE `product_photos`
  ADD PRIMARY KEY (`id`),
  ADD KEY `product_photos_product_id_foreign` (`product_id`);

--
-- Indexes for table `sizes`
--
ALTER TABLE `sizes`
  ADD PRIMARY KEY (`id`);

--
-- Indexes for table `sub_categories`
--
ALTER TABLE `sub_categories`
  ADD PRIMARY KEY (`id`),
  ADD KEY `sub_categories_main_category_id_foreign` (`main_category_id`);

--
-- Indexes for table `suppliers`
--
ALTER TABLE `suppliers`
  ADD PRIMARY KEY (`id`);

--
-- Indexes for table `townships`
--
ALTER TABLE `townships`
  ADD PRIMARY KEY (`id`);

--
-- Indexes for table `users`
--
ALTER TABLE `users`
  ADD PRIMARY KEY (`id`),
  ADD UNIQUE KEY `users_email_unique` (`email`),
  ADD KEY `users_customer_id_foreign` (`customer_id`);

--
-- AUTO_INCREMENT for dumped tables
--

--
-- AUTO_INCREMENT for table `colors`
--
ALTER TABLE `colors`
  MODIFY `id` bigint(20) UNSIGNED NOT NULL AUTO_INCREMENT, AUTO_INCREMENT=16;

--
-- AUTO_INCREMENT for table `customers`
--
ALTER TABLE `customers`
  MODIFY `id` bigint(20) UNSIGNED NOT NULL AUTO_INCREMENT, AUTO_INCREMENT=29;

--
-- AUTO_INCREMENT for table `main_categories`
--
ALTER TABLE `main_categories`
  MODIFY `id` bigint(20) UNSIGNED NOT NULL AUTO_INCREMENT, AUTO_INCREMENT=15;

--
-- AUTO_INCREMENT for table `migrations`
--
ALTER TABLE `migrations`
  MODIFY `id` int(10) UNSIGNED NOT NULL AUTO_INCREMENT, AUTO_INCREMENT=21;

--
-- AUTO_INCREMENT for table `oauth_clients`
--
ALTER TABLE `oauth_clients`
  MODIFY `id` int(10) UNSIGNED NOT NULL AUTO_INCREMENT, AUTO_INCREMENT=3;

--
-- AUTO_INCREMENT for table `oauth_personal_access_clients`
--
ALTER TABLE `oauth_personal_access_clients`
  MODIFY `id` int(10) UNSIGNED NOT NULL AUTO_INCREMENT, AUTO_INCREMENT=2;

--
-- AUTO_INCREMENT for table `orders`
--
ALTER TABLE `orders`
  MODIFY `id` bigint(20) UNSIGNED NOT NULL AUTO_INCREMENT, AUTO_INCREMENT=65;

--
-- AUTO_INCREMENT for table `order_products`
--
ALTER TABLE `order_products`
  MODIFY `id` bigint(20) UNSIGNED NOT NULL AUTO_INCREMENT, AUTO_INCREMENT=74;

--
-- AUTO_INCREMENT for table `payments`
--
ALTER TABLE `payments`
  MODIFY `id` bigint(20) UNSIGNED NOT NULL AUTO_INCREMENT, AUTO_INCREMENT=18;

--
-- AUTO_INCREMENT for table `products`
--
ALTER TABLE `products`
  MODIFY `id` bigint(20) UNSIGNED NOT NULL AUTO_INCREMENT, AUTO_INCREMENT=69;

--
-- AUTO_INCREMENT for table `product_photos`
--
ALTER TABLE `product_photos`
  MODIFY `id` bigint(20) UNSIGNED NOT NULL AUTO_INCREMENT, AUTO_INCREMENT=83;

--
-- AUTO_INCREMENT for table `sizes`
--
ALTER TABLE `sizes`
  MODIFY `id` bigint(20) UNSIGNED NOT NULL AUTO_INCREMENT, AUTO_INCREMENT=14;

--
-- AUTO_INCREMENT for table `sub_categories`
--
ALTER TABLE `sub_categories`
  MODIFY `id` bigint(20) UNSIGNED NOT NULL AUTO_INCREMENT, AUTO_INCREMENT=46;

--
-- AUTO_INCREMENT for table `suppliers`
--
ALTER TABLE `suppliers`
  MODIFY `id` bigint(20) UNSIGNED NOT NULL AUTO_INCREMENT, AUTO_INCREMENT=3;

--
-- AUTO_INCREMENT for table `townships`
--
ALTER TABLE `townships`
  MODIFY `id` bigint(20) UNSIGNED NOT NULL AUTO_INCREMENT, AUTO_INCREMENT=35;

--
-- AUTO_INCREMENT for table `users`
--
ALTER TABLE `users`
  MODIFY `id` bigint(20) UNSIGNED NOT NULL AUTO_INCREMENT, AUTO_INCREMENT=31;

--
-- Constraints for dumped tables
--

--
-- Constraints for table `customers`
--
ALTER TABLE `customers`
  ADD CONSTRAINT `customers_township_id_foreign` FOREIGN KEY (`township_id`) REFERENCES `townships` (`id`) ON DELETE CASCADE;

--
-- Constraints for table `orders`
--
ALTER TABLE `orders`
  ADD CONSTRAINT `orders_township_id_foreign` FOREIGN KEY (`township_id`) REFERENCES `townships` (`id`) ON DELETE CASCADE,
  ADD CONSTRAINT `orders_user_id_foreign` FOREIGN KEY (`user_id`) REFERENCES `users` (`id`) ON DELETE CASCADE;

--
-- Constraints for table `order_products`
--
ALTER TABLE `order_products`
  ADD CONSTRAINT `order_products_order_id_foreign` FOREIGN KEY (`order_id`) REFERENCES `orders` (`id`) ON DELETE CASCADE,
  ADD CONSTRAINT `order_products_product_id_foreign` FOREIGN KEY (`product_id`) REFERENCES `products` (`id`) ON DELETE CASCADE;

--
-- Constraints for table `payments`
--
ALTER TABLE `payments`
  ADD CONSTRAINT `payments_order_id_foreign` FOREIGN KEY (`order_id`) REFERENCES `orders` (`id`) ON DELETE CASCADE;

--
-- Constraints for table `products`
--
ALTER TABLE `products`
  ADD CONSTRAINT `products_sub_category_id_foreign` FOREIGN KEY (`sub_category_id`) REFERENCES `sub_categories` (`id`) ON DELETE CASCADE;

--
-- Constraints for table `sub_categories`
--
ALTER TABLE `sub_categories`
  ADD CONSTRAINT `sub_categories_main_category_id_foreign` FOREIGN KEY (`main_category_id`) REFERENCES `main_categories` (`id`) ON DELETE CASCADE;
COMMIT;

/*!40101 SET CHARACTER_SET_CLIENT=@OLD_CHARACTER_SET_CLIENT */;
/*!40101 SET CHARACTER_SET_RESULTS=@OLD_CHARACTER_SET_RESULTS */;
/*!40101 SET COLLATION_CONNECTION=@OLD_COLLATION_CONNECTION */;
